々	(kép)
〆	(mê)
一	NHẤT
丁	ĐINH
七	THẤT
万	VẠN
丈	TRƯỢNG
三	TAM
上	THƯỢNG
下	HẠ
不	BẤT
与	DỰ/DỮ
丐	CÁI
丑	SỬU
且	THẢ
丕	PHI
世	THẾ
丘	KHÂU/KHƯU
丙	BÍNH
丞	THỪA
両	LƯỠNG/LƯỢNG
並	TỊNH
个	CÁ
中	TRUNG
丱	QUÁN
串	QUÁN/XUYẾN
丶	CHỦ
丸	HOÀN
丹	ĐAN/ĐƠN
主	CHỦ
丿	PHIỆT
乂	NGHỆ
乃	NÃI/ÁI
久	CỬU
之	CHI
乍	SẠ/TÁC
乎	HỒ
乏	PHẠP
乖	QUAI
乗	THỪA
乘	THỪA
乙	ẤT
九	CỬU
乞	KHẤT
也	DÃ
乱	LOẠN
乳	NHŨ
乾	CAN/CÀN/KIỀN
亀	QUY/QUI
亂	LOẠN
亅	QUYẾT
了	LIỄU
予	DỰ
争	TRANH
事	SỰ
二	NHỊ
于	VU
云	VÂN
互	HỖ
五	NGŨ
井	TỈNH
亘	TUYÊN
亙	HẰNG
些	TA
亜	Á
亞	Á
亟	CỨC
亠	ĐẦU
亡	VONG/VÔ
亢	CANG
交	GIAO
亥	HỢI
亦	DIỆC
亨	HANH/HƯỞNG
享	HƯỞNG
京	KINH
亭	ĐÌNH
亮	LƯỢNG
亳	BẠC
亶	ĐÀN
人	NHÂN
什	THẬP
仁	NHÂN
仄	TRẮC
仆	PHÓ/BỘC
仇	CỪU
今	KIM
介	GIỚI
仍	NHƯNG
从	TÙNG/TÒNG
仏	PHẬT
仔	TỂ
仕	SĨ
他	THA
仗	TRƯỢNG
付	PHÓ
仙	TIÊN
仞	NHẬN
仟	THIÊN
代	ĐẠI
令	LỆNH
以	DĨ
仭	NHẬN
仮	GIẢ
仰	NGƯỠNG
仲	TRỌNG
件	KIỆN
价	GIÁ
任	NHIỆM
企	XÍ
伉	KHÁNG
伊	Y
伍	NGŨ
伎	KỸ
伏	PHỤC
伐	PHẠT
休	HƯU
会	HỘI
伜	THỐI/TỐT
伝	TRUYỀN
伯	BÁ
估	CÔ
伴	BẠN
伶	LINH
伸	THÂN
伺	TỶ/TỨ
似	TỰ
伽	GIÀ/GIA
佃	ĐIỀN
但	ĐẢN
佇	TRỮ
位	VỊ
低	ĐÊ
住	TRÚ/TRỤ
佐	TÁ
佑	HỮU
体	THỂ
何	HÀ
佗	ĐÀ
余	DƯ
佚	DẬT
佛	PHẬT
作	TÁC
佝	CÂU
佞	NỊNH
佩	BỘI
佯	DƯƠNG
佰	BÁCH
佳	GIAI
併	TÍNH
佶	CÁT
佻	ĐIÊU
佼	HIỆU
使	SỬ/SỨ
侃	KHẢN
來	LAI
侈	XỈ
例	LIỆT
侍	THỊ
侏	CHU/CHÂU
侑	HỰU
侖	LUÂN
侘	SÁ
供	CUNG
依	Ỷ/Y
侠	HIỆP
価	GIÁ
侫	NỊNH
侭	TẬN
侮	VŨ/VỤ
侯	HẦU
侵	XÂM
侶	LỮ
便	TIỆN
係	HỆ
促	XÚC
俄	NGA
俊	TUẤN
俎	TỔ
俐	LỢI
俑	DŨNG
俔	KIẾN
俗	TỤC
俘	PHÙ
俚	LÝ
俛	MIỄN
保	BẢO
俟	SĨ
信	TÍN
俤	(đệ)
俥	XA
修	TU
俯	PHỦ
俳	BÀI
俵	BIẾU
俶	THỤC
俸	BỔNG
俺	YÊM
俾	TỶ/TỈ
倅	THỐI/TỐT
倆	LƯỠNG
倉	THƯƠNG
個	CÁ
倍	BỘI
們	MÔN
倒	ĐẢO
倔	QUẬT
倖	HẠNH
候	HẬU
倚	Ỷ
借	TÁ
倡	XƯỚNG
倣	PHỎNG/PHÓNG
値	TRỊ
倥	KHÔNG
倦	QUYỆN
倨	CỨ
倩	THIẾN
倪	NGHÊ
倫	LUÂN
倬	TRÁC
倭	OẢI/NỤY
倶	CÂU
倹	KIỆM
偃	YỂN
假	GIẢ/GIÁ
偈	KỆ
偉	VĨ
偏	THIÊN
偐	NGẠN
偕	GIAI
做	TỐ
停	ĐÌNH
健	KIỆN
偬	THỐNG
偲	TƯ
側	TRẮC
偵	TRINH
偶	NGẪU
偸	DU
偽	NGỤY
傀	KHỐI/ỔI
傅	PHÓ
傍	BÀNG
傑	KIỆT
傘	TẢN
備	BỊ
傚	HIỆU
催	THÔI
傭	DỤNG
傲	NGẠO
傳	TRUYỀN/TRUYỆN
傴	Ủ
債	TRÁI
傷	THƯƠNG
傾	KHUYNH
僂	LÂU/LU
僅	CẨN
僉	THIÊM
僊	TIÊN
働	ĐỘNG
像	TƯỢNG
僑	KIỀU
僕	BỘC
僖	HY/HI
僚	LIÊU
僞	NGỤY
僣	TIẾM
僥	NGHIÊU
僧	TĂNG
僭	TIẾM
僮	ĐỒNG
僵	CƯƠNG
價	GIÁ
僻	TỊCH
儀	NGHI
儁	TUẤN
儂	NÙNG
億	ỨC
儉	KIỆM
儒	NHU
儔	THỌ
儕	TỀ
儖	LAM
儘	TẬN
儚	MỘNG
償	THƯỞNG
儡	LỖI
優	ƯU
儲	TRỪ/TRỮ
儷	LỆ
儺	NA
儻	ĐANG
儼	NGHIỄM
儿	NHÂN
兀	NGỘT
允	DOÃN/DUẪN
元	NGUYÊN
兄	HUYNH
充	SUNG
兆	TRIỆU
兇	HUNG
先	TIÊN
光	QUANG
克	KHẮC
兌	ĐOÀI/ĐOÁI
免	MIỄN
兎	THỐ
児	NHI
兔	THỐ
党	ĐẢNG
兜	ĐÂU
兢	CĂNG
入	NHẬP
全	TOÀN
兩	LƯỠNG/LƯỢNG
兪	DU
八	BÁT
公	CÔNG
六	LỤC
兮	HỀ
共	CỘNG
兵	BINH
其	KỲ
具	CỤ
典	ĐIỂN
兼	KIÊM
冀	KÝ
冂	QUYNH
内	NỘI
円	VIÊN
冉	NHIỄM
冊	SÁCH
册	SÁCH
再	TÁI
冒	MẠO/MẶC
冓	CẤU
冕	MIỆN
冖	MỊCH
冗	NHŨNG
写	TẢ
冠	QUAN/QUÁN
冢	TRỦNG
冤	OAN
冥	MINH
冦	KHẤU
冨	PHÚ
冩	TẢ
冪	MỊCH
冫	BĂNG
冬	ĐÔNG
冰	BĂNG
冱	HỘ
冲	XUNG
决	QUYẾT
冴	NGÀ
况	HUỐNG
冶	DÃ
冷	LÃNH
冽	LIỆT
凄	THÊ
准	CHUẨN
凉	LƯƠNG
凋	ĐIÊU
凌	LĂNG
凍	ĐÔNG
凖	CHUẨN
凛	LẪM
凜	LẪM
凝	NGƯNG
几	KỶ
凡	PHÀM
処	XỬ/XỨ
凧	(diều)
凭	BẰNG
凰	HOÀNG
凱	KHẢI
凵	KHẢM
凶	HUNG
凸	ĐỘT
凹	AO
出	XUẤT
函	HÀM
凾	HÀM
刀	ĐAO
刃	NHẬN
刄	NHẬN
分	PHÂN
切	THIẾT
刈	NGẢI
刊	SAN
刋	SAN
刎	VẪN
刑	HÌNH
刔	QUYẾT
列	LIỆT
初	SƠ
判	PHÁN
別	BIỆT
刧	KIẾP
利	LỢI
刪	SAN
到	ĐÁO
刳	KHÔ
制	CHẾ
刷	LOÁT
券	KHOÁN
刹	SÁT
刺	THÍCH
刻	KHẮC
剃	THÍ/THẾ
剄	KINH
則	TẮC
削	TƯỚC
剋	KHẮC
剌	LẠT
前	TIỀN
剔	DỊCH
剖	PHẪU
剛	CƯƠNG
剞	KỲ
剣	KIẾM
剤	TỄ
剥	BÁC
剩	THẶNG
剪	TIỆN
副	PHÓ
剰	THẶNG
剱	KIẾM
割	CÁT
剴	KHẢI
創	SÁNG
剽	PHIÊU
剿	TIỄU
劃	HOẠCH
劇	KỊCH
劈	PHÁCH
劉	LƯU
劍	KIẾM
劑	TỄ
劒	KIẾM
劔	KIẾM
力	LỰC
功	CÔNG
加	GIA
劣	LIỆT
助	TRỢ
努	NỖ
劫	KIẾP
劬	CÙ
劭	THIỆU
励	LỆ
労	LAO/LẠO
劵	KHOÁN
効	HIỆU
劼	CẬT
劾	HẶC
勁	KÌNH
勃	BỘT
勅	SẮC
勇	DŨNG
勉	MIỄN
勍	KÌNH
動	ĐỘNG
勗	HÚC
勘	KHÁM
務	VỤ
勝	THẮNG
勞	LAO/LẠO
募	MỘ
勠	LỤC
勢	THẾ
勣	TÍCH
勤	CẦN
勦	TIỄU
勧	KHUYẾN
勲	HUÂN
勳	HUÂN
勵	LỆ
勸	KHUYẾN
勹	BAO
勺	CHƯỚC
勾	CÂU
勿	VẬT
匁	CHỈ
匂	(mùi)
包	BAO
匆	THÔNG
匈	HUNG
匍	BỒ
匏	HỒ
匐	BẶC
匕	TRỦY/CHỦY
化	HÓA
北	BẮC
匙	CHỦY
匚	PHƯƠNG
匝	TÁP
匠	TƯỢNG
匡	KHUÔNG
匣	HẠP
匪	PHỈ
匯	HỐI
匱	QUỸ/QUĨ
匳	LIÊM
匸	HỆ
匹	THẤT
区	KHU
医	Y
匿	NẶC
區	KHU
十	THẬP
千	THIÊN
卅	TẠP/NẪM
升	THĂNG
午	NGỌ
卉	HỦY
半	BÁN
卍	VẠN
卑	TY/TI
卒	TỐT
卓	TRÁC
協	HIỆP
南	NAM
単	ĐƠN
博	BÁC
卜	BỐC
卞	BIỆN
占	CHIẾM/CHIÊM
卦	QUÁI
卩	TIẾT
卮	CHI
卯	MÃO
印	ẤN
危	NGUY
即	TỨC
却	KHƯỚC
卵	NOÃN
卷	QUYỂN
卸	TÁ
卿	KHANH
厂	HÁN
厄	ÁCH
厖	MANG
厘	LY/LI
厚	HẬU
原	NGUYÊN
厠	XÍ
厥	QUYẾT
厦	HẠ
厨	TRÙ
厩	CỨU
厭	YẾM
厮	TÊ
厰	XƯỞNG
厳	NGHIÊM
厶	KHƯ/TƯ
去	KHỨ
参	THAM/SÂM
參	THAM/SÂM
又	HỰU
叉	XOA
及	CẬP
友	HỮU
双	SONG
反	PHẢN
収	THU/THÂU
叔	THÚC
取	THỦ
受	THỤ/THỌ
叙	TỰ
叛	PHẢN
叟	TẨU
叡	DUỆ
叢	TÙNG/TÒNG
口	KHẨU
古	CỔ
句	CÚ
叨	THAO
叩	KHẤU
只	CHỈ
叫	KHIẾU
召	TRIỆU
叭	BÁ/BÁT
叮	ĐINH
可	KHẢ
台	ĐÀI
叱	SẤT
史	SỬ
右	HỮU
叶	CẤP
号	HIỆU
司	TƯ/TY
吁	HU
吃	NGẬT/CẬT
各	CÁC
合	HỢP/CÁP
吉	CÁT
吊	ĐIẾU
吋	THỐN
同	ĐỒNG
名	DANH
后	HẬU
吏	LẠI
吐	THỔ
向	HƯỚNG
君	QUÂN
吝	LẬN
吟	NGÂM
吠	PHỆ
否	PHỦ
吩	PHÂN
含	HÀM
听	THÍNH
吭	KHANG
吮	DUYỆN
吶	NỘT
吸	HẤP
吹	XUY/XÚY
吻	VẪN
吼	HỐNG
吽	(ngỏ)
吾	NGÔ
呀	NHA
呂	LỮ
呆	NGỐC/NGAI
呈	TRÌNH
呉	NGÔ
告	CÁO
呎	XÍCH
呑	THÔN
呟	HUYỀN
周	CHU
呪	CHÚ
呰	TY/TA
呱	CÔ
味	VỊ
呵	HA/KHA
呶	NAO
呷	GIÁP
呻	THÂN
呼	HÔ
命	MỆNH
咀	CHỚ
咄	ĐỐT
咆	BÀO
咋	TRÁ
和	HÒA
咎	CỮU
咏	VỊNH
咐	PHÓ
咒	CHÚ
咢	NGẠC
咤	TRÁ
咥	CHÍ
咨	THỨ
咫	CHỈ
咬	GIẢO
咯	CÁC
咲	TIẾU
咳	KHÁI
咸	HÀM
咼	QUA
咽	NHIẾT/YẾN/YẾT
咾	(láo)
哀	AI
品	PHẨM
哂	THẨN
哄	HỐNG
哇	OA
哈	CÁP
哉	TAI
員	VIÊN
哢	LỘNG
哥	CA
哦	NGA
哨	TIÊU
哩	LÝ
哭	KHỐC
哮	HIẾU
哲	TRIẾT
哺	BÔ
哽	CÁNH/NGẠNH
唄	BỘI
唆	TOA
唇	THẦN
唏	HY
唐	ĐƯỜNG
唔	NGỘ
唖	Á
售	THỤ
唯	DUY
唱	XƯỚNG
唳	LỆ
唸	NIỆM
唹	Ư
唾	THÓA
啀	NHAI
啄	TRÁC
啅	TRÁC
商	THƯƠNG
啌	KHÔNG
問	VẤN
啓	KHẢI
啖	GIẢM/GIÃM
啗	ĐẠM
啜	XUYẾT
啝	HÒA
啣	HÀM
啻	THÍ
啼	ĐỀ
啾	THU
喀	KHÁCH
喃	NAM
善	THIỆN
喇	LẠT
喉	HẦU
喊	HẢM
喋	ĐIỆP
喘	SUYỄN
喙	CHÁC/DẾ
喚	HOÁN
喜	HỶ/HỈ
喝	HÁT
喞	TỨC
喟	VỊ
喧	HUYÊN
喨	LƯỢNG
喩	DỤ
喪	TANG/TÁNG
喫	KHIẾT
喬	KIỀU
單	ĐAN
喰	(nhậu)
営	DOANH/DINH
嗄	HẠ
嗅	KHỨU
嗇	SẮC
嗔	CHÂN
嗚	Ô
嗜	THỊ
嗟	TA
嗣	TỰ
嗤	SI
嗷	NGAO
嗹	LIÊN
嗽	SẤU
嗾	TẨU
嘆	THÁN
嘉	GIA
嘔	ẨU
嘖	TRÁCH
嘗	THƯỜNG/THƯỞNG
嘘	HƯ
嘛	MA
嘩	HOA
嘯	KHIẾU
嘱	CHÚC
嘲	TRÀO
嘴	CHỦY
嘶	TÊ
嘸	VÔ/MÔ
噂	ĐỒN
噌	TẰNG
噎	Ế
噐	KHÍ
噛	GIẢO
噤	CẤM
器	KHÍ
噪	TÁO
噫	Ý
噬	PHỆ
噴	PHÚN
噸	ĐỐN
嚀	NINH
嚆	CAO
嚇	HÁCH
嚊	TỴ
嚏	ĐẾ
嚔	ĐẾ
嚠	LƯU
嚢	NANG
嚥	YẾN
嚮	HƯỚNG
嚴	NGHIÊM
嚶	ANH
嚼	TƯỚC
囀	CHUYỂN
囁	NHIẾP
囂	HIÊU
囃	TẠP
囈	NGHỆ
囎	TĂNG
囑	CHÚC
囓	KHIẾT
囗	VI
囘	HỒI
囚	TÙ
四	TỨ
回	HỒI
因	NHÂN
団	ĐOÀN
囮	HÓA
困	KHỐN
囲	VI
図	ĐỒ
囹	LÃNH/LINH
固	CỐ
国	QUỐC
囿	HỮU
圀	QUỐC
圃	PHỐ
圄	NGỮ
圈	QUYỀN
圉	HẠNH
國	QUỐC
圍	VI
圏	QUYỀN
園	VIÊN
圓	VIÊN
圖	ĐỒ
團	ĐOÀN
圜	HOÀN
土	THỔ
圦	(nhập)
圧	ÁP
在	TẠI
圭	KHUÊ
地	ĐỊA
圻	KỲ
址	CHỈ
坂	PHẢN
均	QUÂN
坊	PHƯỜNG
坎	KHẢM
坏	HOẠI
坐	TỌA
坑	KHANH
坡	PHA
坤	KHÔN
坦	THẢN
坩	CAM
坪	BÌNH
坿	PHỤ
垂	THÙY
垉	BÀO
型	HÌNH
垓	CAI
垠	NGẦN
垢	CẤU
垣	VIÊN
垤	CHÍ
垰	(đèo)
埀	THÙY
埃	AI
埆	GIÁC
埋	MAI
城	THÀNH
埒	LIỆT/LẠT
埓	LIỆT/LẠT
埔	PHỐ
埖	HOA
埜	DÃ
域	VỰC
埠	PHỤ
埣	TỐT
埴	TRỰC
執	CHẤP
培	BỒI
基	CƠ
埼	KỲ
堀	QUẬT
堂	ĐƯỜNG
堅	KIÊN
堆	ĐÔI
堊	ÁC
堋	BẰNG
堕	ĐỌA
堙	YÊN
堝	QUA
堡	BẢO
堤	ĐÊ
堪	KHAM
堯	NGHIÊU
堰	YỂN
報	BÁO
場	TRƯỜNG
堵	ĐỔ
堺	GIỚI
塀	BIÊN
塁	LŨY
塊	KHỐI
塋	DOANH
塑	TỐ
塒	THÌ
塔	THÁP
塗	ĐỒ
塘	ĐƯỜNG
塙	CAO
塚	TRỦNG
塞	TẮC/TÁI
塢	Ổ
塩	DIÊM
填	ĐIỀN
塲	TRƯỜNG
塵	TRẦN
塹	KHIẾM
塾	THỤC
境	CẢNH
墅	THỰ
墓	MỘ
増	TĂNG
墜	TRỤY
墟	HƯ
墨	MẶC
墮	ĐỌA
墳	PHẦN
墸	CHỪ
墹	GIAN
墺	ÁO
墻	TƯỜNG
墾	KHẨN
壁	BÍCH
壅	UNG
壇	ĐÀN
壊	HOẠI
壌	NHƯỠNG
壑	HÁC
壓	ÁP
壕	HÀO
壙	HOÀNG
壜	ĐÀM
壞	HOẠI
壟	LŨNG
壤	NHƯỠNG
壥	TRIỀN
士	SĨ
壬	NHÂM
壮	TRÁNG
壯	TRÁNG
声	THANH
壱	NHẤT
売	MẠI
壷	HỒ
壹	NHẤT
壺	HỒ
壻	TẾ
壼	KHỔN
壽	THỌ
夂	TRUY
変	BIẾN
夊	TRUY
夏	HẠ
夐	QUYNH
夕	TỊCH
外	NGOẠI
夘	MÃO
夙	TÚC
多	ĐA
夜	DẠ
夢	MỘNG
夥	LÕA
大	ĐẠI
天	THIÊN
太	THÁI
夫	PHU
夬	QUÁI
夭	YÊU/YỂU
央	ƯƠNG
失	THẤT
夲	BỔN
夷	DI
夸	KHỐ
夾	GIÁP
奄	YỂM
奇	KỲ
奈	NẠI
奉	PHỤNG
奎	KHUÊ
奏	TẤU
奐	HOÁN
契	KHẾ/KHIẾT
奔	BÔN
奕	DỊCH
套	SÁO
奘	TRANG
奚	HỀ
奠	ĐIỆN
奢	XA
奥	ÁO
奧	ÁO
奨	TƯỞNG
奩	LIÊM
奪	ĐOẠT
奬	TƯỞNG
奮	PHẤN
女	NỮ
奴	NÔ
奸	GIAN
好	HẢO
妁	ƯỚC
如	NHƯ
妃	PHI
妄	VỌNG/VÕNG
妊	NHÂM
妍	NGHIÊN
妓	KỸ
妖	YÊU
妙	DIỆU
妝	TRANG
妣	TỶ
妥	THỎA
妨	PHƯƠNG
妬	ĐỐ
妲	ĐÁT
妹	MUỘI
妻	THÊ
妾	THIẾP
姆	MẪU
姉	TỶ/TỈ
始	THỦY
姐	THƯ
姑	CÔ
姓	TÍNH/TÁNH
委	ỦY
姙	NHÂM
姚	DIÊU
姥	MỤ
姦	GIAN
姨	DI
姪	ĐIỆT
姫	CƠ
姻	NHÂN
姿	TƯ
威	UY
娃	OA
娉	PHINH
娑	SA
娘	NƯƠNG
娚	NAM
娜	NA
娟	QUYÊN
娠	THẦN
娥	NGA
娩	MIỄN
娯	NGU
娵	THÚ
娶	THÚ
娼	XƯỚNG
婀	A
婁	LÂU
婆	BÀ
婉	UYỂN
婚	HÔN
婢	TỲ/TÌ
婦	PHỤ
婪	LAM
婬	DÂM
婿	TẾ
媒	MÔI
媚	MỊ
媛	VIỆN
媼	ẨU
媽	MÁ
媾	CẤU
嫁	GIÁ
嫂	TẨU
嫉	TẬT
嫋	NHƯỢC
嫌	HIỀM
嫖	PHIÊU
嫗	ẨU
嫡	ĐÍCH
嫣	YÊN
嫦	THƯỜNG
嫩	NỘN
嫺	NHÀN
嫻	NHÀN
嬉	HI
嬋	THUYỀN/THIỀN
嬌	KIỀU
嬖	BẾ
嬢	NƯƠNG
嬪	TẦN
嬬	NHU
嬰	ANH
嬾	LÃN
孀	SƯƠNG
孃	NƯƠNG
孅	THIÊM
子	TỬ/TÝ
孑	QUYẾT
孔	KHỔNG
孕	DỰNG
字	TỰ
存	TỒN
孚	PHU
孛	BỘT
孜	TƯ
孝	HIẾU
孟	MẠNH
季	TIẾT
孤	CÔ
孥	NOA
学	HỌC
孩	HÀI
孫	TÔN
孰	THỤC
孱	SÀN
孳	TỪ
孵	PHU
學	HỌC
孺	NHỤ
宀	MIÊN
它	THA
宅	TRẠCH
宇	VŨ
守	THỦ
安	AN
宋	TỐNG
完	HOÀN
宍	NHỤC
宏	HOÀNH
宕	ĐÃNG
宗	TÔN
官	QUAN
宙	TRỤ
定	ĐỊNH
宛	UYỂN
宜	NGHI
宝	BẢO
実	THỰC
客	KHÁCH
宣	TUYÊN
室	THẤT
宥	HỰU
宦	HOẠN
宮	CUNG
宰	TỂ
害	HẠI
宴	YẾN
宵	TIÊU
家	GIA
宸	THẦN
容	DUNG/DONG
宿	TÚC/TÚ
寂	TỊCH
寃	OAN
寄	KỲ
寅	DẦN
密	MẬT
寇	KHẤU
寉	HẠC
富	PHÚ
寐	MỊ
寒	HÀN
寓	NGỤ
寔	THỰC
寛	KHOAN
寝	TẨM
寞	MẠC
察	SÁT
寡	QUẢ
寢	TẨM
寤	NGỘ
寥	LIÊU
實	THỰC
寧	NINH
寨	TRẠI
審	THẨM
寫	TẢ
寮	LIÊU
寰	HOÀN
寳	BẢO
寵	SỦNG
寶	BẢO
寸	THỐN
寺	TỰ
対	ĐỐI
寿	THỌ
封	PHONG
専	CHUYÊN
射	XẠ
尅	KHẮC
将	TƯỚNG/TƯƠNG
將	TƯƠNG/TƯỚNG
專	CHUYÊN
尉	UÝ
尊	TÔN
尋	TẦM
對	ĐỐI
導	ĐẠO
小	TIỂU
少	THIẾU/THIỂU
尓	NHĨ
尖	TIÊM
尚	THƯỢNG
尤	VƯU
尨	MANG/MÔNG
尭	NGHIÊU
就	TỰU
尹	DOÃN/DUẪN
尺	XÍCH
尻	KHÀO
尼	NI
尽	TẬN
尾	VĨ
尿	NIỆU
局	CỤC
居	CƯ
屈	KHUẤT/QUẬT
届	GIỚI
屋	ỐC
屍	THI
屎	THỈ
屏	BÌNH/BÍNH
屐	KỊCH
屑	TIẾT
展	TRIỂN
属	THUỘC
屠	ĐỒ
屡	LŨ
層	TẦNG/TẰNG
履	LÝ
屬	THUỘC
屮	TRIỆT
屯	ĐỒN/TRUÂN
山	SƠN/SAN
屹	NGẬT
岌	NGẬP
岐	KỲ
岑	SẦM
岔	XÁ
岡	CƯƠNG
岨	TỔ
岩	NHAM
岫	DU
岬	GIÁP
岱	THẢI
岳	NHẠC
岶	BÁCH
岷	MÂN
岸	NGẠN
峙	TRĨ
峠	(đèo)
峡	HẠP
峨	NGA
峩	NGA
峪	DỤ
峭	TIẾU/TIỄU
峯	PHONG
峰	PHONG
島	ĐẢO
峻	TUẤN
峽	HIỆP
崇	SÙNG
崋	HOA
崎	KỲ
崑	CÔN
崔	THÔI
崕	NHAI
崖	NHAI
崗	CƯƠNG
崘	LUÂN
崙	LUÂN
崚	LĂNG
崛	QUẬT
崟	KIM
崢	TRANH
崩	BĂNG
嵋	MI
嵌	KHẢM
嵎	NGUNG/NGU
嵐	LAM
嵒	NHAM
嵜	KỲ
嵩	TUNG
嵬	NGÔI/NGUY
嵯	SAI
嵳	SAI
嶂	CHƯỚNG
嶄	CHẨM
嶇	KHU
嶋	ĐẢO
嶌	ĐẢO
嶐	LONG
嶝	ĐĂNG
嶢	NGHIÊU
嶬	NGA
嶮	HIỂM
嶷	NGHI
嶺	LĨNH
嶼	DỮ/DỰ
嶽	NHẠC
巉	SÀM
巌	NHAM
巍	NGUY
巒	LOAN
巓	ĐIÊN
巖	NHAM
巛	XUYÊN
川	XUYÊN
州	CHÂU
巡	TUẦN
巣	SÀO
工	CÔNG
左	TẢ
巧	XẢO
巨	CỰ
巫	VU
差	SAI
己	KỶ
已	DĨ
巳	TỴ
巴	BA
巵	CHI
巷	HẠNG
巻	QUYỂN/QUYỀN
巽	TỐN
巾	CÂN
市	THỊ
布	BỐ
帆	PHÀM
帋	THỊ
希	HY
帑	NÔ
帖	THIẾP
帙	TRẬT
帚	TRỬU
帝	ĐẾ
帥	SÚY/SOÁI/SUẤT
師	SƯ
席	TỊCH
帯	ĐỚI/ĐÁI
帰	QUY/QUI
帳	TRƯƠNG/TRƯỚNG
帶	ĐỚI/ĐÁI
帷	DUY
常	THƯỜNG
帽	MẠO
幀	TRINH
幃	VI
幄	ỐC
幅	PHÚC
幇	BANG
幌	HOẢNG
幔	MẠN
幕	MẠC
幗	QUẮC
幟	XÍ
幡	PHIÊN
幢	TRÀNG
幣	TỆ
幤	TỆ
干	CAN
平	BÌNH
年	NIÊN
并	TÍNH
幸	HẠNH
幹	CÁN
幺	YÊU
幻	ẢO
幼	ẤU
幽	U
幾	KỶ/KY
广	NGHIỄM
庁	SẢNH
広	QUẢNG
庄	TRANG
庇	TÝ
床	SÀNG
序	TỰ
底	ĐỂ
庖	BÀO
店	ĐIẾM
庚	CANH
府	PHỦ
庠	TƯỜNG
度	ĐỘ
座	TỌA
庫	KHỐ
庭	ĐÌNH
庵	AM
庶	THỨ
康	KHANG
庸	DUNG
廁	SÍ
廂	SƯƠNG
廃	PHẾ
廈	HẠ
廉	LIÊM
廊	LANG
廏	CỨU
廐	CỨU
廓	KHUẾCH
廖	LIÊU
廚	THỤ
廛	TRIỀN
廝	TƯ
廟	MIẾU
廠	XƯỞNG
廡	VŨ
廢	PHẾ
廣	QUẢNG
廨	GIẢI
廩	LẪM
廬	LƯ
廰	SẢNH/THINH
廱	UNG
廳	SẢNH/THINH
廴	DẪN
延	DIÊN
廷	ĐÌNH
廸	ĐỊCH
建	KIẾN
廻	HỒI
廼	NÃI
廾	CỦNG
廿	TRẤP/NIỆM
弁	BIỆN/BIỀN
弃	KHÍ
弄	LỘNG
弉	TRÁNG
弊	TỆ
弋	DẶC
弌	NHẤT
弍	NHỊ
式	THỨC
弐	NHỊ
弑	THÍ/THÍCH
弓	CUNG
弔	ĐIẾU/ĐÍCH
引	DẪN
弗	PHẤT
弘	HOẰNG
弛	THỈ
弟	ĐỆ
弥	DI
弦	HUYỀN
弧	HỒ
弩	NỖ
弭	NHỊ
弯	LOAN
弱	NHƯỢC
張	TRƯƠNG
強	CƯỜNG
弸	BẰNG
弼	BẬT
弾	ĐÀN/ĐẠN
彁	CA
彈	ĐÀN/ĐẠN
彊	CƯỜNG
彌	DI
彎	LOAN
彑	KÝ
当	ĐƯƠNG
彖	THOÁN
彗	TUỆ
彙	VỰNG/VỊ/HỐI/HỘI
彜	DI
彝	DI
彡	SAM
形	HÌNH
彦	NGẠN
彩	THÁI/THẢI
彪	BƯU
彫	ĐIÊU
彬	BÂN
彭	BÀNH
彰	CHƯƠNG
影	ẢNH
彳	SÁCH
彷	BÀNG/PHẢNG
役	DỊCH
彼	BỈ
彿	PHẤT
往	VÃNG
征	CHINH
徂	TỒ
径	KÍNH
待	ĐÃI
徇	TUÂN
很	HẨN
徊	HỒI
律	LUẬT
後	HẬU
徐	TỪ
徑	KINH/KÍNH
徒	ĐỒ
従	TÙNG/TÒNG
得	ĐẮC
徘	BỒI
徙	SI/TỶ
從	TÙNG/TÒNG
徠	LAI
御	NGỰ
徨	HOÀNG
復	PHỤC
循	TUẦN
徭	DAO
微	VI
徳	ĐỨC
徴	TRƯNG
徹	TRIỆT
徼	KIỂU/KHIẾU
徽	HUY
心	TÂM
必	TẤT
忌	KỴ
忍	NHẪN
忖	THỔN
志	CHÍ
忘	VONG
忙	MANG
応	ỨNG
忝	THIỂM
忠	TRUNG
忤	NGỖ
快	KHOÁI
忱	THẦM
念	NIỆM
忸	NỮU
忻	HÂN
忽	HỐT
忿	PHẪN
怎	TRẨM/CHẪM
怏	ƯỞNG
怒	NỘ
怕	PHẠ
怖	BỐ
怙	HỘ
怛	ĐÁT
怜	LINH
思	TƯ
怠	ĐÃI
怡	DI
急	CẤP
怦	PHANH
性	TÍNH/TÁNH
怨	OÁN
怩	NY
怪	QUÁI
怫	PHẤT
怯	KHIẾP
恁	NHẬM
恂	TUÂN
恃	THỊ
恊	HIỆP
恋	LUYẾN
恍	HOẢNG
恐	KHỦNG
恒	HẰNG
恕	THƯ
恚	KHUỂ
恟	HUNG
恠	QUÁI
恢	KHÔI
恣	TƯ
恤	TUẤT
恥	SỈ
恨	HẬN
恩	ÂN
恪	KHÁC
恫	ĐỘNG
恬	ĐIỀM
恭	CUNG
息	TỨC
恰	KHÁP
恵	HUỆ
悁	QUYÊN
悃	KHỐN
悄	TIÊU
悋	LẬN
悌	ĐÊ
悍	HÃN
悒	ẤP
悔	HỐI
悖	BỘI
悚	TỦNG
悛	THOAN
悟	NGỘ
悠	DU
患	HOẠN
悦	DUYỆT
悧	LỢI
悩	NÃO
悪	ÁC
悲	BI
悴	TỤY
悵	TRƯỚNG
悶	MUỘN
悸	QUÝ/QUÍ
悼	ĐIỆU
悽	THÊ
情	TÌNH
惆	TRÙ
惇	ĐÔN
惑	HOẶC
惓	QUYỀN
惘	VÕNG
惚	HỐT
惜	TÍCH
惟	DUY
惠	HUỆ
惡	ÁC
惣	VẬT
惧	CỤ
惨	THẢM
惰	ĐỌA/NỌA
惱	NÃO
想	TƯỞNG
惴	CHÚY
惶	HOÀNG
惷	XUẨN
惺	TINH
惻	TRẮC
愀	THIỂU
愁	SẦU
愆	KHIÊN
愈	DŨ
愉	DU
愍	MẪN
愎	PHỨC
意	Ý
愕	NGẠC
愚	NGU
愛	ÁI
感	CẢM
愡	THÔNG
愧	QUỶ/QUỈ
愬	TỐ
愴	THƯƠNG
愼	THẬN
愾	KHÁI
愿	NGUYỆN
慂	DŨNG
慄	LẬT
慇	ÂN
慈	TỪ
慊	HIỀM
態	THÁI
慌	HOẢNG
慍	ÔN
慎	THẬN
慓	PHIÊU
慕	MỘ
慘	THẢM
慙	TÀM
慚	TÀM
慝	NẶC
慟	ĐỘNG
慢	MẠN
慣	QUÁN
慥	THÁO
慧	TUỆ
慨	KHÁI
慫	TỦNG
慮	LỰ
慯	THƯƠNG
慰	UÝ
慳	KIÊN
慴	NHIẾP
慵	DUNG
慶	KHÁNH
慷	KHẢNG
慾	DỤC
憂	ƯU
憇	KHẾ
憊	BẠI
憎	TĂNG
憐	LÂN
憑	BẰNG
憔	TIỀU
憖	NGẬN
憙	HÝ/HÍ
憚	ĐẠN
憤	PHẪN
憧	SUNG
憩	KHẾ
憫	MẪN
憬	CẢNH
憮	VÔ
憲	HIẾN
憶	ỨC
憺	ĐẢM
憾	HÁM
懃	CẦN
懆	THAO
懇	KHẨN
懈	GIẢI
應	ỨNG
懊	ÁO
懋	MẬU
懌	DỊCH
懍	LẪM
懐	HOÀI
懣	MUỘN
懦	NHU
懲	TRỪNG
懴	SÁM
懶	LÃN/LẠI
懷	HOÀI
懸	HUYỀN
懺	SÁM
懼	CỤ
懽	HOÀN
懾	NHIẾP
懿	Ý
戀	LUYẾN
戈	QUA
戉	VIỆT
戊	MẬU
戌	TUẤT
戍	THÚ
戎	NHUNG
成	THÀNH
我	NGÃ
戒	GIỚI
戔	TIÊN
或	HOẶC
戚	THÍCH
戛	KIẾT
戝	TÀI/TẶC
戞	KIẾT
戟	KÍCH
戡	KHAM
戦	CHIẾN
截	TÀI
戮	LỤC
戯	HÍ
戰	CHIẾN
戲	HÍ
戳	TRỐC
戴	ĐÁI
戸	HỘ
戻	LỆ
房	PHÒNG/BÀNG
所	SỞ
扁	BIỂN
扇	PHIẾN
扈	HỘ/HỖ
扉	PHI
手	THỦ
才	TÀI
扎	TRÁT
打	ĐẢ
払	PHẤT
托	THÁC
扛	GIANG
扞	CẢN
扠	XOA
扣	KHẤU
扮	PHẪN/BAN/BÁN
扱	TRÁP
扶	PHÙ
批	PHÊ
扼	ÁCH
找	TRẢO
承	THỪA
技	KỸ
抃	BIỆN
抄	SAO
抉	QUYẾT
把	BẢ
抑	ỨC
抒	TRỮ
抓	TRẢO
抔	PHẦU
投	ĐẦU
抖	ĐẨU
抗	KHÁNG
折	TRIẾT
抛	PHÓNG
抜	BẠT
択	TRẠCH
披	PHI
抬	ĐÀI
抱	BÃO
抵	ĐỂ
抹	MẠT
抻	THÂN
押	ÁP
抽	TRỪU
拂	PHẤT
担	ĐẢM
拆	SÁCH
拇	MẪU
拈	NIÊM/CHIÊM
拉	LẠP
拊	PHỦ
拌	BẠN
拍	PHÁCH
拏	NÃ
拐	QUẢI
拑	KIỀM
拒	CỰ
拓	THÁC
拔	BẠT
拗	ẤU
拘	CÂU/CÙ
拙	CHUYẾT
招	CHIÊU
拜	BÁI
拝	BÁI
拠	CỨ
拡	KHUẾCH
括	QUÁT
拭	THỨC
拮	KIẾT
拯	CHỬNG
拱	CỦNG
拳	QUYỀN
拵	TỒN
拶	TẠT/TÁN
拷	KHẢO
拾	THẬP
拿	NÃ
持	TRÌ
挂	QUẢI
指	CHỈ
挈	KHIẾT
按	ÁN
挌	CÁCH
挑	THIÊU/THAO
挙	CỬ
挟	HIỆP/TIỆP
挨	AI/ẢI
挫	TỎA
振	CHẤN
挺	ĐĨNH
挽	VÃN
挾	HIỆP
挿	THÁP
捉	TÚC
捌	BÁT
捍	CẢN/HÃN
捏	NÁT
捐	QUYÊN
捕	BỘ/BỔ
捗	BỘ
捜	SƯU
捧	BỔNG
捨	SẢ
捩	LỆ
捫	MÔN
据	CƯ/CỨ
捲	QUYỂN
捶	THÙY
捷	TIỆP
捺	NẠI
捻	NIỆM/NIỆP
掀	HIÊN
掃	TẢO
授	THỤ/THỌ
掉	ĐIỆU/TRẠO
掌	CHƯỞNG
掎	KỶ/Ỷ/KY
掏	ĐÀO
排	BÁI
掖	DỊCH
掘	QUẬT
掛	QUẢI
掟	ĐỊNH
掠	LƯỢC
採	THẢI/THÁI
探	THÁM
掣	XIẾT
接	TIẾP
控	KHỐNG
推	SUY/THÔI
掩	YỂM
措	THỐ
掫	TƯU
掬	CÚC
掲	YẾT
掴	QUẮC
掻	TAO
掾	DUYỆN
揀	GIẢN
揃	TIỄN
揄	DU
揆	QUỸ/QUĨ
揉	NHU
描	MIÊU
提	ĐỀ
插	SÁP/THÁP
揖	ẤP
揚	DƯƠNG
換	HOÁN
握	ÁC
揣	SỦY
揩	KHẢI
揮	HUY
援	VIỆN/VIÊN
揶	GIA
揺	DAO
搆	CẤU
損	TỔN
搏	BÁC
搓	SAI
搖	DAO/DIÊU
搗	ĐẢO
搜	SƯU
搦	NHƯỢC
搨	THÁP
搬	BAN/BÀN
搭	ĐÁP
搴	KHIÊN
搶	SANG/THƯƠNG
携	HUỀ
搾	TRÁ
摂	NHIẾP
摘	TRÍCH
摧	TỒI
摩	MA
摯	CHÍ
摶	ĐOÀN
摸	MÔ
摺	TRIỆP
撃	KÍCH
撈	LAO
撒	TÁT
撓	NẠO
撕	TÊ/TY
撚	NHIÊN
撞	TRÀNG
撤	TRIỆT
撥	BÁT
撩	LIÊU
撫	PHỦ
播	BÁ
撮	TOÁT
撰	SOẠN
撲	PHÁC/BẠC
撹	GIÁC
撻	ĐẠT
撼	CẢM
擁	ỦNG
擂	LÔI
擅	THIỆN
擇	TRẠCH
操	THAO/THÁO
擒	CẦM
擔	ĐẢM
擘	PHÁCH
據	CỨ
擠	TỂ/TÊ
擡	ĐÀI
擢	TRẠC
擣	ĐẢO
擦	SÁT
擧	CỬ
擬	NGHĨ
擯	TẤN
擱	CÁC
擲	TRỊCH
擴	KHUẾCH
擶	TIỄN
擺	BÀI
擽	LẠC
擾	NHIỄU
攀	PHAN
攅	TÁN
攘	NHƯỠNG
攜	HUỀ
攝	NHIẾP
攣	LOAN
攤	THAN
攪	GIAO
攫	QUẮC
攬	LÃM
支	CHI
攴	PHỘC
攵	PHỘC
收	THU
攷	KHẢO
攸	DU
改	CẢI
攻	CÔNG
放	PHÓNG
政	CHÍNH/CHÁNH
故	CỐ
效	HIỆU
敍	TỰ
敏	MẪN
救	CỨU
敕	SẮC
敖	NGAO/NGẠO
敗	BẠI
敘	TỰ
教	GIÁO
敝	TỆ
敞	SƯỞNG
敢	CẢM
散	TÁN
敦	ĐÔN
敬	KÍNH
数	SỐ
整	CHỈNH
敵	ĐỊCH
敷	PHU
數	SỐ
斂	LIỄM/LIỆM
斃	TỆ
文	VĂN
斈	HỌC
斉	TỀ
斌	BÂN
斎	TRAI
斐	PHỈ
斑	BAN
斗	ĐẤU
料	LIỆU
斜	TÀ
斟	CHÂM
斡	OÁT/QUẢN
斤	CÂN
斥	XÍCH
斧	PHỦ
斫	CHƯỚC/TRÁC
断	ĐOẠN/ĐOÁN
斯	TƯ
新	TÂN
斷	ĐOẠN/ĐOÁN
方	PHƯƠNG
於	Ư
施	THI/THÍ
旁	BÀNG
旃	CHIÊN
旄	MAO
旅	LỮ
旆	BÁI
旋	TOÀN
旌	TINH
族	TỘC
旒	LƯU
旗	KỲ
旙	PHIẾN
旛	PHIẾN
无	VÔ
旡	KÝ
既	KÝ
日	NHẬT
旦	ĐÁN
旧	CỰU
旨	CHỈ
早	TẢO
旬	TUẦN
旭	HÚC
旱	HẠN
旺	VƯỢNG
旻	MẪN
昂	NGANG
昃	TRẮC
昆	CÔN
昇	THĂNG
昊	HẠO
昌	XƯƠNG
明	MINH
昏	HÔN
易	DỊ/DỊCH
昔	TÍCH
昜	DƯƠNG
星	TINH
映	ẢNH/ÁNH
春	XUÂN
昧	MUỘI
昨	TẠC
昭	CHIÊU
昮	NGANG
是	THỊ
昴	MÃO
昵	NẶC
昶	SƯỞNG
昼	TRÚ
昿	QUANG
晁	TIỀU
時	THỜI/THÌ
晃	HOẢNG
晄	HOẢNG
晉	TẤN
晋	TẤN
晏	YẾN
晒	TẨY
晝	TRÚ
晞	HY/HI
晟	THÀNH
晤	NGỘ
晦	HỐI
晨	THẦN
晩	VÃN
普	PHỔ
景	CẢNH
晰	TÍCH
晴	TÌNH
晶	TINH
智	TRÍ
暁	HIỂU
暄	HUYÊN
暇	HẠ
暈	VỰNG
暉	HUY
暎	ÁNH
暑	THỬ
暖	NOÃN
暗	ÁM
暘	DƯƠNG
暝	MINH
暢	SƯỚNG
暦	LỊCH
暫	TẠM
暮	MỘ
暴	BẠO/BỘC
暹	XIÊM
暾	ĐÔN
曁	KỴ
曇	ĐÀM
曉	HIỂU
曖	ÁI
曙	THỰ
曚	MÔNG
曜	DIỆU
曝	BỘC
曠	KHOÁNG
曦	HI
曩	NẴNG
曰	VIẾT
曲	KHÚC
曳	DUỆ
更	CANH/CÁNH
曵	DUỆ
曷	HẠT
書	THƯ
曹	TÀO
曼	MAN
曽	TẰNG
曾	TẰNG
替	THẾ
最	TỐI
會	HỘI
月	NGUYỆT
有	HỮU
朋	BẰNG
服	PHỤC
朕	TRẪM
朗	LÃNG
望	VỌNG
朝	TRIỀU/TRIÊU
期	KỲ
木	MỘC
未	VỊ/MÙI
末	MẠT
本	BẢN/BỔN
札	TRÁT
朮	THUẬT/TRUẬT
朱	CHU/CHÂU
朴	PHÁC
朶	ĐÓA
机	KỶ
朽	HỦ
朿	THÍCH
杆	CAN/CÁN
杉	SAM/SOAN
李	LÝ
杏	HẠNH
材	TÀI
村	THÔN
杓	CHƯỚC
杖	TRƯỢNG
杙	DẶC
杜	ĐỖ
杞	KHỞI
束	THÚC
杠	GIANG
条	ĐIỀU
杢	MỘC
来	LAI
杪	MIỂU
杭	HÀNG
杮	THỊ/SĨ
杯	BÔI
杰	KIỆT
東	ĐÔNG
杲	CẢO
杳	YỂU
杵	CHỬ
杷	BÀ
杼	TRỮ
松	TÙNG
板	BẢN/BẢNG
枅	PHANH/BÌNH
枇	TỲ/TÌ
枉	UỔNG
枋	PHƯƠNG
枌	PHẦN
析	TÍCH
枕	CHẨM
林	LÂM
枚	MAI
果	QUẢ
枝	CHI
枠	(khung)
枢	XU/KHU
枦	LƯ
枩	TÙNG
枯	KHÔ
枳	CHỈ
枴	QUẢI
架	GIÁ
枷	GIÀ
枸	CỬ/CẨU
枹	PHU/PHÙ/BAO
柁	ĐẢ/ĐÀ
柄	BÍNH
柊	ĐÔNG
柎	PHỦ
柏	BÁCH/BÁ
某	MỖ
柑	CAM
染	NHIỄM
柔	NHU
柘	GIÁ
柚	DỮU/CHỤC
柝	THÁC
柞	TẠC/TRÁCH
柢	ĐẾ
柧	QUA
柩	CỮU
柬	GIẢN
柮	ĐỐT
柯	KHA
柱	TRỤ
柳	LIỄU
柴	SÀI
柵	SÁCH
査	TRA
柿	THỊ
栃	(dẻ)
栄	VINH
栓	XUYÊN/THEN
栖	THÊ
栗	LẬT
栞	CAN
校	HIỆU/GIÁO
栢	BÁCH
栩	HỦ
株	CHÂU/CHU
栲	KHẢO
栴	CHIÊN
核	HẠCH
根	CĂN
格	CÁCH
栽	TÀI/TẢI
桀	KIỆT
桁	HÀNH/HÀNG
桂	QUẾ
桃	ĐÀO
框	KHUÔNG
案	ÁN
桍	KHÔ
桎	TRẤT
桐	ĐỒNG
桑	TANG
桓	HOÀN
桔	QUẤT/CÁT
桛	(cuộn)
桜	ANH
桟	SẠN
档	ĐƯƠNG
桧	CỐI
桴	PHÙ
桶	DŨNG
桷	GIÁC
桾	QUÂN
桿	CÁN
梁	LƯƠNG
梃	ĐĨNH
梅	MAI
梏	CỐC
梓	TỬ
梔	CHI
梗	NGẠNH
梛	NA
條	ĐIỀU
梟	KIÊU
梠	LỮ
梢	SAO/TIÊU
梦	MỘNG
梧	NGÔ
梨	LÊ
梭	THOA
梯	THÊ
械	GIỚI
梱	KHỔN
梳	SƠ
梵	PHẠN
梶	VĨ
梹	TÂN
棄	KHÍ
棉	MIÊN
棊	KỲ
棋	KỲ
棍	CÔN
棒	BỔNG
棔	HÔN
棕	TÔNG
棗	TẢO
棘	CỨC
棚	BẰNG
棟	ĐỐNG
棠	ĐƯỜNG
棡	CƯƠNG
棣	LỆ/ĐẠI/THẾ
棧	SẠN
森	SÂM
棯	NIỆM
棲	THÊ
棹	TRẠO
棺	QUAN
椀	OẢN
椁	QUÁCH
椄	TIẾP
椅	KỶ/Ỷ
椈	CÚC
植	THỰC
椎	TRUY
椏	NHA
椒	TIÊU
検	KIỂM
椦	KHOÁN
椰	GIA
椶	TÔNG
椹	THẦM
椽	CHUYÊN
椿	XUÂN/THUNG
楊	DƯƠNG
楓	PHONG
楔	TIẾT
楙	MẬU
楚	SỞ
楜	HỒ
楝	LUYỆN
楞	LĂNG
楠	NAM
楡	DU
楢	DO
楫	TIẾP
業	NGHIỆP
楮	CHỬ
楯	THUẪN
楳	KỲ
極	CỰC
楷	GIAI/KHAI
楸	THU
楹	DOANH
楼	LÂU
楽	LẠC/NHẠC
概	KHÁI
榊	(thần)
榑	PHÙ
榔	LANG
榕	DUNG/DONG
榛	TRĂN
榜	BẢNG
榧	PHỈ
榮	VINH
榱	SUY
榲	ỐT
榴	LỰU
榻	THÁP
榾	CỐT
槁	CẢO
槃	BÀN
槊	SÓC/SÁO
構	CẤU
槌	CHÙY
槍	THƯƠNG
槎	TRA
槐	HÒE
槓	CỐNG
様	DẠNG
槙	SÂN
槧	TẠM/THIỄM
槨	QUÁCH
槭	TÚC/SẮC
槲	HỘC
槹	CAO
槽	TÀO
槿	CẬN
樂	LẠC
樅	TUNG
樊	PHÀN
樓	LÂU
樗	XƯ
標	PHIẾU
標	TIÊU
樛	CÙ
樞	XU
樟	CHƯƠNG
模	MÔ
樣	DẠNG
権	QUYỀN
横	HOÀNH
樵	TIỀU
樸	PHÁC
樹	THỤ
樺	HOA
樽	TÔN
橄	CẢM
橇	KHIÊU
橈	NHIÊU
橋	KIỀU
橘	QUẤT
橙	CHANH
機	CƠ/KY
橡	TƯỢNG
橢	THỎA
檀	ĐÀN
檄	HỊCH
檎	CẦM
檐	DIÊM
檜	CỐI
檠	KỀNH
檢	KIỂM
檣	TƯỜNG
檬	MÔNG
檮	ĐÀO
檳	TÂN
檸	NINH
檻	HẠM
櫂	TRẠO/TRẠC
櫃	QUỸ/QUĨ
櫓	LỖ
櫚	LƯ
櫛	TRẤT
櫞	DUYÊN
櫟	LỊCH
櫨	LÔ
櫪	LỊCH
櫺	LINH
櫻	ANH
欄	LAN
權	QUYỀN
欒	LOAN
欖	LÃM
欝	UẤT
欠	KHIẾM
次	THỨ
欣	HÂN
欧	ÂU
欲	DỤC
欷	HY
欸	AI/ÁI
欹	Y
欺	KHI
欽	KHÂM
款	KHOẢN
歃	SÁP
歇	HIẾT
歉	KHIỂM
歌	CA
歎	THÁN
歐	ÂU/ẨU
歓	HOAN
歔	HƯ
歙	HẤP/THIỆP
歛	LIỄM
歟	DƯ
歡	HOAN
止	CHỈ
正	CHÍNH
此	THỬ
武	VŨ/VÕ
歩	BỘ
歪	OAI
歯	XỈ
歳	TUẾ
歴	LỊCH
歸	QUY/QUI
歹	NGẠT/ĐÃI
死	TỬ
歿	MỘT
殀	YỂU
殃	ƯƠNG
殄	ĐIỄN
殆	ĐÃI
殉	TUẪN
殊	THÙ
残	TÀN
殍	BIỄU
殖	THỰC
殘	TÀN
殞	VẪN
殤	THƯƠNG
殪	Ế
殫	ĐÀN/ĐẠN
殯	TẤN/THẤN
殱	TIÊM
殲	TIÊM
殳	THÙ
殴	ẨU
段	ĐOẠN
殷	ÂN
殺	SÁT
殻	XÁC
殿	ĐIỆN
毀	HỦY
毅	NGHỊ
毆	ẨU
毋	VÔ/MƯU
母	MẪU
毎	MỖI
毒	ĐỘC
毓	DỤC
比	TỶ/TỈ/BỈ
毛	MAO
毫	HÀO
毬	CẦU
毯	THẢM
毳	THUẾ/THÚY
氈	CHIÊN
氏	THỊ
民	DÂN
氓	MANH
气	KHÍ/KHẤT
気	KHÍ
氛	PHÂN
氣	KHÍ
氤	NHÂN
水	THỦY
氷	BĂNG
永	VĨNH
氾	PHIẾM
汀	ĐINH
汁	CHẤP
求	CẦU
汎	PHIẾM
汐	TỊCH
汕	SÁN
汗	HÃN
汚	Ô
汝	NHỮ
汞	HỐNG
江	GIANG
池	TRÌ
汨	MỊCH/CỐT
汪	UÔNG
汰	THÁI/THẢI
汲	CẤP
決	QUYẾT
汽	KHÍ
汾	PHẦN
沁	THẤM/SẤM
沂	NGHI/NGÂN
沃	ỐC
沈	TRẦM
沌	ĐỘN
沐	MỘC
沒	MỘT
沓	ĐẠP
沖	XUNG
沙	SA
沚	CHỈ
沛	PHÁI/BÁI
没	MỘT
沢	TRẠCH
沫	MẠT
沮	TỰ/TRỞ/THƯ
沱	ĐÀ
河	HÀ
沸	PHÍ/PHẤT
油	DU
治	TRỊ
沼	CHIỂU
沽	CÔ/CỔ
沾	TRIÊM/ĐIẾP
沿	DUYÊN
況	HUỐNG
泄	TIẾT/DUỆ
泅	TÙ
泉	TUYỀN
泊	BẠC/PHÁCH
泌	TIẾT/BÍ
泓	HOẰNG
法	PHÁP
泗	TỨ
泛	PHIẾM
泝	TỐ
泡	PHAO/BÀO
波	BA
泣	KHẤP
泥	NÊ
注	CHÚ
泯	MẪN/DÂN/MIẾN
泰	THÁI
泱	ƯƠNG/ÁNG
泳	VỊNH
洋	DƯƠNG
洌	LIỆT
洒	TẨY
洗	TẨY
洙	THÙ/CHU
洛	LẠC
洞	ĐỘNG
洟	DI/THẾ
津	TÂN
洩	TIẾT
洪	HỒNG
洫	HỨC
洲	CHÂU
洳	NHƯ
洵	TUÂN
洶	HUNG
洸	QUANG
活	HOẠT
洽	HIỆP/HỢP
派	PHÁI
流	LƯU
浄	TỊNH
浅	THIỂN
浙	TRIẾT
浚	TUẤN
浜	TÂN/BANH
浣	HOÁN/CÁN
浦	PHỔ
浩	HẠO
浪	LÃNG
浬	LÝ/LÍ
浮	PHÙ
浴	DỤC
海	HẢI
浸	TẨM
浹	TIẾP
涅	NIẾT
消	TIÊU
涌	DŨNG
涎	TIÊN/DIỆN/DUYÊN
涓	QUYÊN
涕	THẾ
涙	LỆ
涯	NHAI
液	DỊCH
涼	LƯƠNG
淆	HÀO
淋	LÂM
淑	THỤC
淒	THÊ
淡	ĐẠM
淦	CAM
淫	DÂM
深	THÂM
淳	THUẦN
淵	UYÊN
混	HỖN
添	THIÊM
清	THANH
渇	KHÁT
済	TẾ
渉	THIỆP
渋	SÁP
渓	KHÊ
渚	CHỬ
減	GIẢM
渠	CỪ
渡	ĐỘ
渥	ÁC
渦	OA
温	ÔN
測	TRẮC
港	CẢNG
渾	HỒN
湖	HỒ
湯	THANG
湾	LOAN
湿	THẤP
満	MÃN
源	NGUYÊN
準	CHUẨN
溜	LỰU
溝	CÂU
溪	KHÊ
溯	TỐ
溶	DUNG/DONG
溺	NỊCH
滅	DIỆT
滋	TƯ
滑	HOẠT
滝	LANG
滞	TRỆ
滴	TRÍCH/ĐÍCH
漁	NGƯ
漂	PHIÊU
漆	TẤT
漏	LẬU
漓	LY/LI
演	DIỄN
漕	TẢO
漠	MẠC
漢	HÁN
漫	MẠN/MAN
漬	TÝ
漸	TIỆM/TIÊM
漿	TƯƠNG
潔	KHIẾT
潘	PHAN
潜	TIỀM
潟	TÍCH
潤	NHUẬN
潮	TRIỀU/TRÀO
潰	HỘI
澄	TRỪNG
澹	ĐẠM
激	KHÍCH/KÍCH
濁	TRỌC
濃	NỒNG/NÙNG
濠	HÀO
濡	NHU
濫	LẠM
濯	TRẠC
濾	LỰ
瀕	TẦN
瀘	LÔ
瀬	LẠI
瀾	LAN
灣	LOAN
火	HỎA
灯	ĐĂNG
灰	HÔI
災	TAI
炉	LÔ
炊	XUY
炎	VIÊM
炙	CHÁ/CHÍCH
炭	THÁN
炸	TẠC
点	ĐIỂM
為	VI
烈	LIỆT
烏	Ô
烹	PHANH
焉	YÊN
焔	DIỄM
無	VÔ/MÔ
焦	TIÊU
然	NHIÊN
焼	THIÊU
煉	LUYỆN
煎	TIÊN/TIỄN
煙	YÊN
照	CHIẾU
煩	PHIỀN
煮	CHỬ
熊	HÙNG
熟	THỤC
熱	NHIỆT
燃	NHIÊN
燈	ĐĂNG
燐	LÂN
燕	YẾN/YÊN
燗	LẠN
營	DOANH
燥	TÁO
燦	XÁN
爆	BỘC
爛	LẠN
爪	TRẢO
爵	TƯỚC
父	PHỤ
爺	GIA
爽	SẢNG
爾	NHĨ
牀	SÀNG
片	PHIẾN
版	PHẢN
牌	BÀI
牙	NHA
牛	NGƯU
牝	TẪN
牟	MÂU
牡	MẪU
牢	LAO
牧	MỤC
物	VẬT
牲	SINH
特	ĐẶC
牽	KHIÊN
犀	TÊ
犠	HI
犬	KHUYỂN
犯	PHẠM
状	TRẠNG
狂	CUỒNG
狐	HỒ
狙	THƯ
狩	THÚ
独	ĐỘC
狭	HIỆP
狸	LY
猊	NGHÊ
猛	MÃNH
猟	LIỆP
猥	ỔI
猪	CHƯ/TRƯ
猫	MIÊU
献	HIẾN
猶	DO
猷	DO
猿	VIÊN
獄	NGỤC
獅	SƯ
獣	THÚ
獲	HOẠCH
玄	HUYỀN
率	XUẤT
玉	NGỌC
王	VƯƠNG
玩	NGOẠN
玲	LINH
玻	PHA
珍	TRÂN
珠	CHÂU
珪	KHUÊ
班	BAN
現	HIỆN
球	CẦU
理	LÝ
琉	LƯU
琢	TRÁC/CHÁC
琲	BỘI
琴	CẦM
琵	TỲ/TÌ
琶	BÀ
瑕	HÀ
瑛	ANH
瑞	THỤY
瑠	LƯU
瑤	DAO
璃	LY
環	HOÀN
璽	TỶ
瓏	LUNG
瓔	ANH
瓜	QUA
瓣	BIỆN
瓦	NGÕA
瓧	(ngập)
瓩	(nghiên)
瓰	(ngân)
瓱	(ngao)
瓶	BÌNH
瓸	(ngách)
甅	(ngoi)
甕	ÚNG
甘	CAM
甚	THẬM
生	SINH
産	SẢN
甦	CANH
用	DỤNG
甫	PHỦ
田	ĐIỀN
由	DO
甲	GIÁP
申	THÂN
男	NAM
町	ĐINH
画	HỌA/HOẠCH
界	GIỚI
畑	(vườn)
畔	BẠN
留	LƯU
畚	BỔN
畜	SÚC
畝	MẪU
畠	(đồng)
略	LƯỢC
畦	HUỀ
番	PHIÊN
異	DỊ
畳	ĐIỆP
當	ĐƯƠNG
畿	KỲ
疆	CƯƠNG
疎	SƠ
疑	NGHI
疔	ĐINH
疚	CỬU
疝	SÁN
疣	VƯU
疥	GIỚI
疫	DỊCH
疱	BÀO
疲	BÍ
疳	CAM
疵	TỲ/TÌ
疸	ĐẢM
疹	CHẨN
疼	ĐÔNG
疽	THƯ
疾	TẬT
痂	GIÀ
痃	HUYỀN
病	BỆNH
症	CHỨNG
痊	THUYÊN
痍	DI
痒	DƯỠNG
痔	TRĨ
痕	NGÂN
痘	ĐẬU
痙	KINH
痛	THỐNG
痞	BĨ/PHỦ
痢	LỴ
痣	CHÍ
痩	SẤU
痰	ĐÀM
痲	MA
痳	LÂM
痴	SI
痺	TÊ
痼	CỐ
痾	Á
痿	NUY
瘁	TỤY
瘉	DŨ
瘋	PHONG
瘍	DƯƠNG
瘟	ÔN
瘠	TÍCH
瘡	SANG
瘢	BAN
瘤	LỰU
瘧	NGƯỢC
瘰	LOA
瘴	CHƯỚNG
瘻	LÂU
療	LIỆU
癆	LAO
癇	NHÀN
癈	PHẾ
癌	NHAM
癒	DŨ
癖	PHÍCH
癘	LỆ
癜	ĐIẾN
癡	SI
癢	DƯỠNG
癧	LỆ
癨	HOẮC
癩	LẠI
癪	TÍCH
癬	TIỂN
癰	UNG
癲	ĐIÊN
癶	BÁT
癸	QUÝ/QUÍ
発	PHÁT
登	ĐĂNG
白	BẠCH
百	BÁCH
的	ĐÍCH
皆	GIAI
皇	HOÀNG
皓	HẠO
皮	BÌ
皸	QUÂN
皹	QUÂN
皺	SÔ
皿	MÃNH
盂	VU
盃	BÔI
盆	BỒN
益	ÍCH
盒	HẠP
盗	ĐẠO
盛	THỊNH
盞	TRẢN
盟	MINH
監	GIÁM
盤	BÀN
目	MỤC
盲	MANH
直	TRỰC
相	TƯƠNG/TƯỚNG
盾	THUẪN
省	TỈNH
眉	MI
看	KHÁN
県	HUYỆN
眞	CHÂN
真	CHÂN
眠	MIÊN
眩	HUYỄN
眸	MÂU
眺	THIẾU
眼	NHÃN
着	TRƯỚC
睛	TÌNH
睡	THỤY
督	ĐỐC
睦	MỤC
睿	DUỆ
瞬	THUẤN
瞳	ĐỒNG
瞽	CỔ
矍	QUẮC
矗	SÚC
矛	MÂU
矢	THỈ
知	TRI
矩	CỦ
短	ĐOẢN
矯	KIỂU
石	THẠCH
砂	SA
砒	PHÊ/TỲ
研	NGHIÊN
砕	TOÁI
砥	CHỈ
砦	TRẠI
砲	PHÁO
破	PHÁ
硅	KHUÊ
硝	TIÊU
硫	LƯU
硬	NGẠNH
硼	BẰNG
碁	KỲ
碑	BI
碧	BÍCH
確	XÁC
磁	TỪ
磨	MA
磯	KY
礁	TIỀU
礎	SỞ
礫	LỊCH
示	THỊ
礼	LỄ
社	XÃ
祇	CHỈ
祈	KỲ
祉	CHỈ
祐	HỮU
祖	TỔ
祝	CHÚC
神	THẦN
祠	TỪ
祥	TƯỜNG
票	PHIẾU/TIÊU/PHIÊU
祭	TẾ
祷	niệm
禀	BẨM
禁	CẤM
禄	LỘC
禅	THIỀN
禍	HỌA
禎	TRINH
福	PHÚC
禽	CẦM
禿	NGỐC
秀	TÚ
私	TƯ
秋	THU
科	KHOA
秒	MIỂU
秘	BÍ
租	TÔ
秤	XỨNG
秦	TẦN
秩	TRẬT
称	XƯNG/XỨNG
移	DI
稀	HY/HI
程	TRÌNH
税	THUẾ
稔	NHẪM
稚	TRĨ
稜	LĂNG
稟	BẨM
種	CHỦNG
稲	ĐẠO
稼	GIÁ
稽	KÊ/KHỂ
稿	CẢO
穀	CỐC
穂	TUỆ
積	TÍCH
穎	DĨNH
穏	ỔN
穣	NHƯƠNG
穫	HOẠCH
穴	HUYỆT
究	CỨU
空	KHÔNG/KHỐNG
突	ĐỘT
窃	THIẾT
窄	TRÁCH
窒	TRẤT
窓	SONG
窟	QUẬT
窪	OA
窮	CÙNG
窯	DIÊU
窶	CŨ/LŨ
立	LẬP
竍	(lập)
竏	(liên)
竓	(lao)
竕	(lân)
竜	LONG
章	CHƯƠNG
竡	(lách)
童	ĐỒNG
竦	TƯƠNG
端	ĐOAN
竰	(ly)
競	CẠNH
竹	TRÚC
竺	TRÚC/ĐỐC
笑	TIẾU
笛	ĐỊCH
符	PHÙ
第	ĐỆ
笹	(sậy)
筆	BÚT
等	ĐẲNG
筋	CÂN
筒	ĐỒNG
答	ĐÁP
策	SÁCH
箇	CÁ
箒	TRỬU
箔	BẠC
算	TOÁN
管	QUẢN
箱	TƯƠNG/SƯƠNG
節	TIẾT
範	PHẠM
篆	TRIỆN
篇	THIÊN
築	TRÚC
篤	ĐỐC
簒	SOÁN
簡	GIẢN
簾	LIÊM
簿	BỘ
籍	TỊCH
籠	LUNG
籤	THIÊM
籬	LY/LI
米	MỄ
籵	(mập)
籾	(gạo)
粁	(miên)
粃	CHỦY
粉	PHẤN
粋	TÚY
粍	(mao)
粒	LẠP
粗	THÔ
粘	NIÊM
粛	TÚC
粟	TÚC
粤	VIỆT
粥	CHÚC
粧	TRANG
粨	(mách)
精	TINH
糖	ĐƯỜNG
糞	PHẨN
糧	LƯỢNG
糸	MỊCH
系	HỆ
糾	CỦ
紀	KỶ
約	ƯỚC
紅	HỒNG
紊	VẶN
紋	VĂN
納	NẠP
紐	NỮU
純	THUẦN
紗	SA
紘	HOÀNH
紙	CHỈ
級	CẤP
紛	PHÂN
素	TỐ
紡	PHƯỞNG
索	SÁCH/TÁC
紫	TỬ
累	LŨY
細	TẾ
紳	THÂN
紹	THIỆU
紺	CÁM
終	CHUNG
絃	HUYỀN
組	TỔ
絆	BÁN
経	KINH
結	KẾT
絞	GIẢO
絡	LẠC
絢	HUYỀN
給	CẤP
統	THỐNG
絵	HỘI
絶	TUYỆT
絹	QUYÊN
継	KẾ
続	TỤC
綬	THỤ
維	DUY
綱	CƯƠNG
網	VÕNG
綾	LĂNG
綿	MIÊN
緊	KHẨN
緋	PHI
総	TỔNG
緑	LỤC
緒	TỰ
線	TUYẾN
締	ĐẾ
編	BIÊN
緩	HOÃN
緬	MIẾN
緯	VĨ
練	LUYỆN
縁	DUYÊN
縄	THẰNG
縛	PHƯỢC/PHỌC
縦	TUNG
縫	PHÙNG
縮	SÚC
績	TÍCH
繁	PHỒN
繊	TIỆM
繋	HỆ
織	CHỨC
繕	THIỆN
繭	KIỂN
繰	TAO/TÀO
纏	TRIỀN
缶	HẪU/PHỮU
罅	HÁ
罌	ANH
网	VÕNG
罔	VÕNG
罕	HÃN
罪	TỘI
罫	QUẢI/QUÁI
置	TRÍ
罰	PHẠT
署	THỰ
罵	MẠ
罷	BÃI
罹	LY
羅	LA
羈	KY/KI
羊	DƯƠNG
美	MỸ
羞	TU
群	QUẦN
義	NGHĨA
羸	LUY
羽	VŨ
翁	ÔNG
翅	SÍ
翌	DỰC
習	TẬP
翔	TƯỜNG
翕	HẤP
翠	THÚY
翡	PHỈ
翦	TIỄN
翩	PHIÊN
翰	HÀN
翳	Ế
翹	KIỀU/KHIÊU
翻	PHIÊN
翼	DỰC
耀	DIỆU
老	LÃO
考	KHẢO
耄	MẠO
者	GIẢ
耐	NẠI
耕	CANH
耗	HAO/HÁO
耳	NHĨ
耶	GIA
耽	ĐAM
聖	THÁNH
聚	TỤ
聞	VĂN
聡	THÔNG
聯	LIÊN
聴	THÍNH
職	CHỨC
聾	LUNG
肅	TÚC
肇	TRIỆU
肉	NHỤC
肌	CƠ
肖	TIÊU
肛	GIANG
肝	CAN
股	CỔ
肢	CHI
肥	PHÌ
肩	KIÊN
肪	PHƯƠNG
肯	KHẲNG
肱	QUĂNG
育	DỤC
肴	HÀO
肺	PHẾ
胃	VỊ
胆	ĐẢM
背	BỐI
胎	THAI
胞	BÀO
胡	HỒ
胤	DẬN
胴	ĐỖNG
胸	HUNG
能	NĂNG
脂	CHI
脅	HIẾP
脇	HIẾP
脈	MẠCH
脚	CƯỚC
脛	CẢNH
脩	TU
脱	THOÁT
脳	NÃO
脹	TRƯỚNG
脾	TỲ/TÌ
腎	THẬN
腐	HỦ
腑	PHỦ
腕	OẢN
腫	THŨNG
腰	YÊU
腸	TRƯỜNG/TRÀNG
腹	PHÚC/PHỤC
腺	TUYẾN
膏	CAO/CÁO
膚	PHU
膜	MÔ
膝	TẤT
膨	BÀNH
膳	THIỆN
膵	TỤY
膺	ƯNG
膿	NỒNG
臆	ỨC
臓	TẠNG
臟	TẠNG
臣	THẦN
臥	NGỌA
臨	LÂM
自	TỰ
臭	XÚ
至	CHÍ
致	TRÍ
臺	ĐÀI
臼	CỮU
臾	DU
與	DỰ/DỮ
興	HƯNG
舌	THIỆT
舎	XÁ
舐	THỈ
舗	PHỐ
舘	QUÁN
舞	VŨ
舟	CHU/CHÂU
航	HÀNG
般	BAN/BÀN
舶	BẠC
船	THUYỀN
艇	ĐÌNH
艦	HẠM
良	LƯƠNG
色	SẮC
艶	DIỄM
芋	DỤ
芙	PHÙ
芝	CHI
芥	GIỚI
花	HOA
芳	PHƯƠNG
芸	NGHỆ
芻	SÔ
芽	NHA
苑	UYỂN
苔	ĐÀI
苗	MIÊU
苛	HÀ
若	NHƯỢC
苦	KHỔ
英	ANH
茂	MẬU
范	PHẠM
茅	MAO
茉	MẠT
茎	HÀNH
茜	THIẾN
茨	TỲ/TÌ
茫	MANG
茶	TRÀ
草	THẢO
荊	KINH
荒	HOANG
荘	TRANH
荷	HÀ
莉	LỴ
莞	HOÀN/HOẢN
菊	CÚC
菌	KHUẨN
菓	QUẢ
菜	THÁI
華	HOA
菱	LĂNG
萌	MANH
萎	ÙY
萩	THO
落	LẠC
葉	DIỆP
著	TRƯỚC
葛	CÁT
葦	VI
葬	TÁNG
葱	THÔNG
葵	QUỲ/QUÌ
葺	TẬP
蒙	MÔNG
蒲	BỒ
蒸	CHƯNG
蒼	THƯƠNG
蓄	SÚC
蓉	DUNG
蓋	CÁI
蓑	SOA/THOA
蓚	TU
蓮	LIÊN
蔓	MẠN
蔦	ĐIỀU
蔭	ẨM
蔵	TÁNG
蔽	TẾ
蕁	TẦM
蕃	PHIỀN
蕊	NHỊ
蕎	KIỀU
蕗	LỘ
蕩	ĐÃNG
蕪	VU
薄	BẠC
薇	VI
薊	KẾ
薔	TƯỜNG/SẮC
薦	TIẾN
薪	TÂN
薫	HUÂN
薬	DƯỢC
薮	TẨU
藁	CẢO
藍	LAM
藤	ĐẰNG
藩	PHIÊN
藹	ÁI
藻	TẢO
蘂	NHỊ
蘆	LÔ
蘇	TÔ
蘚	TIỂN
蘭	LAN
虎	HỔ
虐	NGƯỢC
處	XỬ
虚	HƯ
虜	LỖ
虞	NGU
虧	KHUY
虫	TRÙNG
虱	SẮT
虹	HỒNG
蚊	VĂN
蚋	NHUẾ
蚌	BẠNG
蚓	DẪN
蚕	TẰM
蚣	CÔNG
蚤	TẢO
蚩	XI
蚪	ĐẨU
蚯	KHÂU
蚰	DU
蚶	HAM
蛄	CÔ
蛆	THƯ
蛇	XÀ
蛉	LINH
蛍	HUỲNH
蛔	HỒI
蛙	OA
蛛	CHU/THÙ
蛞	KHOÁT
蛟	GIAO
蛤	CÁP
蛩	CUNG
蛭	ĐIỆT
蛮	MAN
蛸	SAO
蛹	DŨNG
蛾	NGA/NGHĨ
蜀	THỤC
蜂	PHONG
蜆	HIỆN
蜈	NGÔ
蜉	PHÙ
蜊	LỴ/LỊ
蜍	THỪ
蜑	ĐẢN
蜒	DIÊN
蜘	TRI
蜜	MẬT
蜥	TÍCH
蜩	ĐIÊU
蜴	DỊCH
蜷	QUYỀN
蜻	TINH
蜿	UYỂN
蝌	KHOA
蝎	HẠT
蝓	DU
蝕	THỰC
蝗	HOÀNG
蝙	BIÊN/BIỂN
蝟	VỊ
蝠	BỨC
蝣	DU
蝦	HÀ
蝨	SẮT
蝮	PHÚC
蝴	HỒ
蝶	ĐIỆP
蝸	OA
螂	LANG
融	DUNG
螟	MINH
螢	HUỲNH
螫	THÍCH
螯	NGAO
螳	ĐƯỜNG
螺	LOA
螻	LÂU
螽	CHUNG
蟀	XUẤT
蟆	MÔ
蟇	MÔ
蟋	TẤT
蟒	MÃNG
蟷	ĐƯỜNG
蟹	GIẢI
蟻	NGHỊ
蟾	THIỀM
蠍	HẠT
蠏	GIẢI
蠑	VANH
蠧	ĐỐ
蠶	TÀM
血	HUYẾT
衆	CHÚNG
行	HÀNH
衍	DIỄN
衒	HUYỄN
術	THUẬT
街	NHAI
衙	NHA
衛	VỆ
衝	XUNG
衞	VỆ
衡	HÀNH/HOÀNG
衢	CÙ
衣	Y
表	BIỂU
衰	SUY
衷	TRUNG
衾	KIM
袁	VIÊN
袋	ĐẠI
袖	TỤ
袞	CỔN
袢	BAN
袤	MẬU
被	BỊ
袴	KHỐ
裁	TÀI
裂	LIỆT
装	TRANG
裏	LÝ
裕	DỤ
補	BỔ
裡	LÝ
裳	THƯỜNG
裴	BÙI/BỒI
裸	KHỎA
裹	KHỎA/LÕA
製	CHẾ
裾	CƯ/CỨ
複	PHỨC
褐	HẠT/CÁT
褒	BAO
褓	BẢO
褥	NHỤC
褪	THỐN
褻	TIẾT
襁	CƯỠNG
襃	BAO
襞	PHÁCH
襟	KHÂM
襲	TẬP
西	TÂY
要	YẾU
覆	PHÚC
覇	BÁ
見	KIẾN
規	QUY/QUI
視	THỊ
覚	GIÁC
覧	LÃM
親	THÂN
観	QUAN
角	GIÁC
解	GIẢI
触	XÚC
言	NGÔN
訂	ĐÍNH
計	KẾ
討	THẢO
訓	HUẤN
託	THÁC
記	KÝ
訟	TỤNG
訪	PHỎNG/PHÓNG
設	THIẾT
許	HỨA
訳	DỊCH
訴	TỐ
診	CHẨN
証	CHỨNG
詈	LỴ/LỊ
詐	TRÁ
詔	CHIẾU
評	BÌNH
詞	TỪ
詠	VỊNH
詣	NGHỆ
試	THÍ
詩	THI
詭	NGỤY
詰	CẬT
話	THOẠI
該	CAI
詳	TƯỜNG
誇	KHOA
誉	DỰ
誌	CHÍ
認	NHẬN
誓	THỆ
誕	ĐẢN
誘	DỤ
語	NGỮ
誠	THÀNH
誣	VU
誤	NGỘ
誦	TỤNG
説	THUYẾT
読	ĐỘC
誰	THÙY
課	KHÓA
誹	PHỈ
誼	NGHỊ
調	ĐIỀU
談	ĐÀM
請	THỈNH
諒	LƯỢNG
論	LUẬN
諛	DU
諜	ĐIỆP
諤	NGẠC
諧	GIAI
諭	DỤ
諮	TY
諳	AM
諷	PHÚNG
諸	CHƯ
諺	NGẠN
諾	NẶC
謀	MƯU
謁	YẾT
謄	ĐẰNG
謎	MÊ
謗	BÁNG
謙	KHIÊM
講	GIẢNG
謝	TẠ
謡	DAO
謳	ÂU
謹	CẨN
譏	CƠ
識	THỨC
譜	PHỔ
警	CẢNH
譬	THÍ
議	NGHỊ
譲	NHƯỢNG
護	HỘ
變	BIẾN
讎	THÙ
讐	THÙ
讒	SÀM
谷	CỐC
豆	ĐẬU
豈	KHẢI/KHỞI
豊	PHONG
豚	ĐỒN/ĐỘN
象	TƯỢNG
豪	HÀO
豹	BÁO
貌	MẠO
貝	BỐI
貞	TRINH
負	PHỤ
財	TÀI
貢	CỐNG
貧	BẦN
貨	HÓA
販	PHIẾN
貪	THAM
貫	QUÁN
責	TRÁCH
貯	TRỮ
貳	NHỊ
貴	QUÝ/QUÍ
貶	BIẾM
買	MÃI
貸	THẢI
費	PHÍ
貿	MẬU
賀	HẠ
賃	NHẪM
賄	HỐI
資	TƯ
賊	TẶC
賑	CHẨN
賓	TÂN
賛	TÁN
賜	TỨ
賞	THƯỞNG
賠	BỒI
賢	HIỀN
賣	MẠI
賦	PHÚ
質	CHẤT
賭	ĐỔ
購	CẤU
賽	TÁI
贈	TẶNG
贋	NHẠN
贏	DOANH
贖	THỤC
赤	XÍCH
赦	XÁ
走	TẨU
赳	CỦ
赴	PHÓ
起	KHỞI
超	SIÊU
越	VIỆT
趙	TRIỆU
趣	THÚ
足	TÚC
跋	BẠT
距	CỰ
跡	TÍCH
路	LỘ
跳	KHIÊU
践	TIỄN
踊	DƯỢC
踏	ĐẠP
蹇	KIỂN
蹙	TÚC/XÚC
蹴	XÚC
躁	TÁO
躇	TRỪ
躊	TRÙ
躍	DŨNG
身	THÂN
躬	CUNG
躰	THỂ
躱	ĐÓA
車	XA
軋	YẾT/LOÁT
軌	QUỸ/QUĨ
軍	QUÂN
軒	HIÊN
軟	NHUYỄN
転	CHUYỂN
軸	TRỤC
軽	KHINH
較	GIÁC/HIỆU
載	TẢI/TÁI
輔	PHỤ
輝	HUY
輩	BỐI
輪	LUÂN
輸	THÂU
輿	DƯ
轂	CỐC
轄	HẠT
轟	OANH
轡	BÍ
轢	LỊCH
辛	TÂN
辜	CÔ
辞	TỪ
辟	BÍCH/TỊCH
辣	LẠT
辮	BIỆN
辯	BIỆN
辰	THÌN/THẦN
辱	NHỤC
農	NÔNG
辷	(trượt)
辺	BIÊN
辻	TỬ
込	(nhập)
迂	VU
迄	HẤT
迅	TẤN
迎	NGHÊNH/NGHINH
近	CẬN
返	PHẢN
迚	(sung)
迪	ĐỊCH
迫	BÁCH
迭	ĐIỆT
述	THUẬT
迷	MÊ
迺	NÃI
追	TRUY
退	THOÁI/THỐI
送	TỐNG
逃	ĐÀO
逆	NGHỊCH
逍	TIÊU
透	THẤU
逐	TRỤC
逓	ĐỆ
途	ĐỒ
這	GIÁ/NGHIỆN
通	THÔNG
逝	THỆ
速	TỐC
造	TẠO/THÁO
逡	THOÁI
逢	PHÙNG
連	LIÊN
逮	ĐÃI
週	CHU
進	TIẾN/TẤN
逸	DẬT
遁	ĐỘN
遂	TOẠI
遅	TRÌ
遇	NGỘ
遊	DU
運	VẬN
遍	BIẾN
過	QUÁ
道	ĐẠO
達	ĐẠT
違	VI
遙	DIÊU
遜	TỐN
遠	VIỄN
遡	TỐ
遣	KHIỂN
遥	DIÊU
適	THÍCH
遭	TAO
遮	GIÀ
遵	TUÂN
遷	THIÊN
選	TUYỂN
遺	DI
遼	LIÊU
避	TỴ
邁	MẠI
還	HOÀN
邉	BIÊN
邊	BIÊN
邏	LA
邑	ẤP
那	NA
邦	BANG
邪	TÀ
邸	ĐỂ
郁	ÚC
郊	GIAO
郎	LANG
郡	QUẬN
部	BỘ
郭	QUÁCH
郵	BƯU
郷	HƯƠNG
都	ĐÔ
鄙	BỈ
鄧	ĐẶNG
酉	DẬU
酋	TÙ
酌	CHƯỚC
配	PHỐI
酒	TỬU
酔	TÚY
酢	TẠC
酪	LẠC
酬	THÙ
酵	GIẾU/DIẾU
酷	KHỐC
酸	TOAN
醇	THUẦN
醋	THỐ
醜	XÚ
醬	TƯƠNG
醸	NHƯỠNG
采	THẢI/THÁI
釈	THÍCH
里	LÝ
重	TRỌNG/TRÙNG
野	DÃ
量	LƯỢNG
釐	LY/HY
金	KIM
釘	ĐINH
釜	PHỦ
針	CHÂM
釣	ĐIẾU
釦	KHẤU
釧	XUYẾN
鈍	ĐỘN
鈴	LINH
鈿	ĐIỀN
鉄	THIẾT
鉛	DUYÊN
鉢	BÁT
鉱	KHOÁNG
銀	NGÂN
銃	SÚNG
銅	ĐỒNG
銑	TIỂN
銓	THUYÊN
銘	MINH
銜	HÀM
銭	TIỀN
銷	TIÊU
鋏	KIỆP
鋤	SỪ
鋭	NHUỆ/DUỆ
鋳	CHÚ
鋸	CƯ
鋼	CƯƠNG
錘	TRUY/TRÚY
錠	ĐĨNH
錦	CẨM
錨	MIÊU
錫	TÍCH
錬	LUYỆN
錯	THÁC
録	LỤC
鍋	OA
鍛	ĐOÀN/ĐOÁN
鍵	KIỆN
鎌	LIÊM
鎖	TỎA
鎧	KHẢI
鎮	TRẤN
鏡	KÍNH
鐘	CHUNG
鑑	GIÁM
鑠	THƯỚC
鑢	LÔ
長	TRƯỜNG
門	MÔN
閉	BẾ
開	KHAI
閏	NHUẬN
閑	NHÀN
間	GIAN
関	QUAN
閣	CÁC
閥	PHIỆT
閲	DUYỆT
闇	ÁM
闊	KHOÁT
闘	ĐẤU
阜	PHỤ
阪	PHẢN
阮	NGUYỄN
防	PHÒNG
阻	TRỞ
阿	A/Á
陀	ĐÀ
附	PHỤ
降	GIÁNG/HÀNG
限	HẠN
陛	BỆ
院	VIỆN
陣	TRẬN
除	TRỪ
陥	HÃM
陪	BỒI
陰	ÂM
陳	TRẦN
陵	LĂNG
陶	ĐÀO
陸	LỤC
険	HIỂM
陽	DƯƠNG
隅	ÔI
隆	LONG
隊	ĐỘI
隋	TÙY/ĐỌA
階	GIAI
随	TÙY
隔	CÁCH
際	TẾ
障	CHƯỚNG
隠	ẨN
隣	LÂN
隷	LỆ
隻	CHÍCH
隼	CHUẨN
雀	TƯỚC
雁	NHẠN
雄	HÙNG
雅	NHÃ
集	TẬP
雇	CỐ
雌	THƯ
雑	TẠP
雙	SONG
雛	SỒ
離	LY
難	NẠN/NAN
雨	VŨ/VÚ
雪	TUYẾT
雰	PHÂN
雲	VÂN
零	LINH
雷	LÔI
電	ĐIỆN
需	NHU
霄	TIÊU
震	CHẤN
霊	LINH
霙	ANH
霜	SƯƠNG
霞	HÀ
霧	VỤ
霰	TẢN
露	LỘ
靄	ẢI
青	THANH
靖	TĨNH
静	TĨNH
非	PHI
靡	MỊ
面	DIỆN
靨	YẾP
革	CÁCH
靴	NGOA
鞄	BAO
韓	HÀN
音	ÂM
韻	VẬN
響	HƯỞNG
頂	ĐỈNH/ĐINH
頃	KHOẢNH
項	HẠNG
順	THUẬN
須	TU
頌	TỤNG
預	DỰ
頑	NGOAN
頒	BAN
頓	ĐỐN
領	LÃNH/LĨNH
頬	GIÁP
頭	ĐẦU
頷	HẠM
頻	TẦN
頼	LẠI
題	ĐỀ
額	NGẠCH
顎	NGẠC
顔	NHAN
顕	HIỂN
願	NGUYỆN
類	LOẠI
顧	CỐ
顰	TẦN
顱	LƯ
風	PHONG
飛	PHI
食	THỰC
飢	CƠ
飩	ĐỒN
飯	PHẠN
飲	ẨM
飼	TỰ
飽	BÃO
飾	SỨC
餅	BÍNH
餉	HƯỚNG
養	DƯỠNG
餐	SAN
餓	NGẠ
餡	HÃM
館	QUÁN
饂	ÔN
饉	CẬN
饋	QUỸ
饑	CƠ
首	THỦ
香	HƯƠNG
馥	PHỨC/PHỐC
馨	HINH
馬	MÃ
馴	THUẦN
駁	BÁC
駄	ĐÀ
駅	DỊCH
駆	KHU
駐	TRÚ
駒	CÂU
駕	GIÁ
駿	TUẤN
騎	KỊ
騒	TAO
験	NGHIỆM
騰	ĐẰNG
驕	KIÊU
驚	KINH
驢	LƯ
骨	CỐT
骸	HÀI
髄	TỦY
高	CAO
髪	PHÁT
髭	TƯ
鬟	HOÀN
鬱	UẤT
鬼	QUỶ/QUỈ
魂	HỒN
魅	MỊ
魍	VÕNG
魎	LƯỢNG
魏	NGỤY
魑	SI
魔	MA
魘	YỂM
魚	NGƯ
鮎	NIÊM
鮠	NGÔI/NGUY
鮨	CHỈ
鮫	GIAO
鮮	TIÊN
鮹	TIÊU
鯉	LÝ
鯏	LỴ/LỊ
鯛	ĐIÊU
鯨	KÌNH
鰐	NGẠC
鰭	KỲ
鰻	MAN
鱈	TUYẾT
鳥	ĐIỂU
鳩	CƯU
鳳	PHỤNG
鳴	MINH
鳶	DIÊN
鴈	NHẠN
鴨	ÁP
鶉	THUẦN
鶏	KÊ
鶴	HẠC
鷲	THỨU
鷹	ƯNG
鷺	LỘ
鸞	LOAN
鹵	LỖ
鹿	LỘC
麈	CHỦ
麋	MI
麌	NGÔ
麓	LỘC
麕	QUẦN
麗	LỆ
麝	XẠ
麦	MẠCH
麩	PHU
麺	MIẾN
麻	MA
麼	MI
麿	MA
黄	HOÀNG/HUỲNH
黌	HUỲNH
黍	THỬ
黎	LÊ
黒	HẮC
黔	KIỀM
默	MẶC
黙	MẶC
黛	ĐẠI
黜	TRUẤT
黝	ỬU
點	ĐIỂM
黠	HIỆT
黥	KÌNH
黨	ĐẢNG
黯	ẢM
黴	MỊ
黶	YỂM
黷	ĐỘC
黹	CHỈ
黻	PHẤT
黼	PHỦ
黽	MÃNH/MẪN
鼇	NGAO
鼈	MIẾT
鼎	ĐỈNH
鼓	CỔ
鼕	ĐÔNG
鼠	THỬ
鼬	DỨU
鼻	TỴ
鼾	HÃN/HAN
齎	TÊ
齒	XỈ
齔	SẤN
齟	TRỞ
齠	ĐIỀU
齡	LINH
齢	LINH
齣	XUẤT/XÍCH
齦	NGÂN/KHẨN
齧	KHIẾT
齪	XÚC
齬	NGỮ
齲	KHỦ
齶	NGẠC
齷	ÁC
龍	LONG/SỦNG
龕	KHAM/KHÁM
龜	QUY/QUI/CƯU/QUÂN
龠	DƯỢC/THƯỢC
